编号,化合物名称,特征离子,保留时间,S1,S2,S3,S4,S5,S6,S7,S8,S9,M1,M2,M3,M4,M5,M6,M7,M8,M9,M10,M11,M12,M13,M14,M15,M16,M17,M18,M19,M20,M21,M22,M23,M24,M25,M26,M27,M28,M29,M30,M31,M32,M33,M34,M35,M36,M37,M38,M39,M40,M41,M42
1,Propanoic acid,"74,57",20.385,0.635633124,0.664669534,0.522897945,0.550698572,0.617776684,0.612633031,2.003166551,1.606434804,1.026330871,0.548934934,1.214978344,1.214564465,1.031417204,1.266492529,0.998238242,1.178458288,1.062404226,1.112067789,1.181207629,1.154279296,1.137911944,1.329593618,0.990020479,1.118976793,1.068325694,0.932061692,0.939675752,1.005659226,0.992227453,1.319856922,0.577582141,0.584270264,0.551912501,0.537768439,0.570031751,0.553155328,0.54802124,0.580672425,0.542094339,0.517587567,0.643815222,0.694197483,0.678963312,0.645138085,0.586123243,0.6166182,0.701525467,0.5739607,0.683849021,0.668916902,0.811912074
2,"2-Furancarboxaldehyde, 5-methyl-","110,53,81",15.279,0.639574293,0.759384026,0.493752813,0.496614244,0.434490843,0.555814816,0.75143737,0.621479782,0.651588231,0.822741289,1.162870173,1.226330979,1.101467157,1.265590838,1.059831932,1.18072496,1.073027302,1.16739123,1.199705979,1.128363977,1.260818093,1.341617391,1.171846216,1.19048297,1.183189087,1.235563555,1.112252803,1.303587139,1.258344194,1.433890057,0.832318778,0.882748268,0.819514174,0.826310034,0.851805119,0.824380765,0.792171013,0.828458987,0.799722613,0.781072882,0.928538226,0.956456297,0.936947854,0.906632747,0.960835673,0.900977073,0.961803415,0.841495553,0.954032147,0.955364419,1.339648947
3,Ethyl dl-2-hydroxycaproate,"69,87,104",16.112,15.10491797,18.45676481,15.25373465,16.14902262,15.65799347,16.47460521,16.89589825,17.57799197,15.19359498,12.08778382,18.71723593,19.09598161,17.78025761,18.63260054,17.56234811,17.58438703,16.54775491,17.80414163,18.67624029,17.56745619,19.1798143,20.30034266,19.10285992,19.61528018,19.24533919,19.76149497,16.81420807,19.38749212,18.78234478,19.71784056,16.98508003,17.9874894,15.88202709,16.52963529,16.82794363,16.83850943,16.75562563,17.72019924,17.22719728,17.21893115,18.5559052,18.43425701,17.76697622,17.46622299,16.78899464,17.74457731,18.77797863,16.34881955,18.72560147,19.02159915,12.07586608
4,2-Furanmethanol,"98,81,53",15.317,1.009748034,1.312974122,0.858912581,0.883725261,0.845737406,0.927951364,1.290709366,1.232289325,1.151368676,0.448068228,1.156259434,1.231292908,1.199901618,1.268574377,1.186195542,1.331899095,1.218538732,1.2646749,1.309634807,1.260285174,1.347893147,1.336708187,1.10850238,1.201153012,1.217568217,1.277186524,0.865166357,1.332080847,1.23123949,1.349221844,0.879827929,0.971868401,0.900722509,0.90450604,0.98975702,0.82282279,0.942478784,0.98241952,0.931713955,0.899134607,1.234570079,1.177351523,1.155158844,1.087197008,0.656957142,1.049164092,1.135425421,0.829350965,1.07557921,1.040360184,0.905008528
5,"Acetic acid, 2-phenylethyl ester","104,91,43",18.14,4.749268269,6.118657304,4.597354871,4.693582066,4.910421967,5.14315407,2.537308252,3.591993667,1.871266085,0.601339815,0.940134472,0.964203862,0.853139163,0.926448614,0.872343068,0.9356777,0.894669193,0.905418465,0.925172734,0.867352563,1.007207802,0.967460544,0.868586861,0.880791824,0.860250041,0.940845678,0.88264824,0.930926043,0.839388365,0.969714814,1.348925763,1.518229079,1.246878649,1.312925946,1.40468406,1.323303724,1.378282115,1.461458941,1.41982173,1.45765382,1.583969856,1.510147238,1.444231531,1.4317332,1.446732442,1.401929298,1.498235298,1.275333395,1.484684667,1.493123863,0.634800451
6,2-Butanol (R),"45,59",21.401,5.397624763,5.638008109,4.432411498,2.164878797,2.391700939,5.905582549,12.05293722,8.491486928,7.293521797,1.248662286,3.181053212,2.670637548,2.287954178,2.910608309,2.816880223,3.035368055,2.906308056,2.449964891,2.581305681,2.446615659,2.656552161,3.174381727,2.695728902,3.061405307,2.505790352,1.330168095,2.194890629,3.259497171,2.640874613,2.784792852,1.1785633,1.367525864,1.332149442,1.241488032,1.310474674,1.21529472,1.176559721,1.264806415,1.345693867,1.134118751,1.782199021,1.437723333,1.508918185,1.416966711,1.643961767,1.507296562,1.418199323,1.211101571,1.896366772,1.527357948,2.705798254
7,2-Butanol,"45,59",3.505,14.22697129,24.19004344,11.55040321,14.4756251,22.47138193,23.56431969,71.14640706,52.43058071,46.71712485,3.32182489,8.510754328,7.599843758,7.515223813,7.855526294,7.247775642,8.111269836,6.611140564,7.732712898,9.035899829,8.545320877,9.1806193,9.481288556,9.108274002,8.346962026,8.557952426,11.67275636,9.291492597,10.32523696,9.468592284,9.13974476,4.020150041,4.531345958,3.813117141,4.214481284,4.095190617,3.968501575,4.28237766,4.151777179,4.372206715,3.670509943,5.484360403,5.024535744,5.190521212,4.716306998,5.354461787,5.030646044,5.346975723,4.356084645,4.663207072,4.857830432,8.714383077
8,"Butanoic acid, ethyl ester","71,88,116",3.568,15.82017182,17.53767408,18.05011501,21.04886428,18.18415683,21.30536748,21.27563638,24.82194267,24.96525558,40.60215452,44.79516431,46.18511206,43.92958294,43.21115616,40.56934541,37.79740947,35.43492803,39.16021986,40.48038093,39.27555186,46.76179143,50.55361996,45.58970437,48.10101727,46.59594745,47.92709383,44.5765973,47.04282476,48.25199315,44.42493787,43.03063702,41.81125859,39.05382915,42.33433951,44.41685354,41.69996501,38.61578344,40.97696639,42.10042814,42.89319739,43.04398333,45.12701561,42.5801244,43.97700031,46.29411438,43.20811916,46.11523829,41.37311171,46.12317149,49.35699682,54.02776774
9,"Butanoic acid, 2-methyl-, ethyl ester","57,102,85",3.786,7.857779989,2.538588499,6.319489249,7.940677834,8.400712218,7.365090971,14.67303435,11.77781652,8.383724901,5.590818124,6.043903887,5.336397473,5.451417332,5.512612577,5.383855271,5.076019226,4.491509384,5.09846893,5.493042669,5.245956523,6.118312037,6.451735889,5.980207181,6.321525525,6.086988037,6.000320679,5.816530961,5.809091911,5.939121646,5.6516937,5.049390805,4.719774194,4.381432583,4.89187989,5.072764013,4.982594947,4.290840835,4.70366344,4.828583909,4.906638248,4.861297411,5.06777476,4.823167811,5.040564944,5.417671758,5.070307527,5.339151044,4.733001684,5.198180607,5.402466743,7.789711707
10,"Butanoic acid, 3-methyl-, ethyl ester","88,85,57",4.026,12.86298505,13.61567269,12.83084289,15.00305424,13.72730061,15.75532692,19.84168112,13.70378801,20.38043307,20.76333577,19.29520159,15.86403193,19.59168984,16.69495754,17.78920849,15.65257137,13.08562047,16.79461055,17.52852314,14.88434766,17.31383527,21.72481231,20.54008021,20.97610693,21.11356527,19.83560354,17.43236664,17.86975359,18.32061211,17.45107804,14.80574307,14.13208084,13.20296863,14.69822592,15.26292354,14.66321593,13.09091479,13.8530755,14.73906771,15.10670444,14.21330461,14.95244537,14.23979409,14.94277383,15.64254939,14.94814523,15.62135258,14.07152227,15.22490695,16.3721561,22.8944388
11,"Butane, 1,1-diethoxy-3-methyl-","103,115,75",4.311,6.267951091,9.383103806,19.43979102,44.18472318,36.12767804,37.93100379,25.57217067,25.94834641,13.93066,21.19451024,28.53001404,37.12343842,33.26457789,34.50399516,34.09395305,27.0563063,25.61445859,27.76747312,31.51314128,37.19445694,1.474202334,30.20593747,22.72237279,33.80327794,29.54748744,29.08885133,15.10611609,31.062143,28.29247538,24.21214773,1.561164907,4.125611264,2.574179679,13.86193437,17.84386866,15.74375111,7.352179716,4.365390437,14.5330729,17.96582486,4.096792548,1.706673486,10.22718188,20.57528783,1.619937811,1.437459853,16.41038087,24.22901885,1.663784454,1.52956548,33.40450006
12,"1-Propanol, 2-methyl-","43,74,55",4.494,26.69567995,27.84897991,27.38768919,29.34520517,28.33634121,29.28233275,43.02021696,42.04233256,40.67357326,29.39763909,50.83069541,50.06148618,48.40116365,51.45822889,46.6122109,50.61602954,46.45101441,50.53191601,51.99008913,48.94224032,56.43054073,57.38371196,49.7972582,51.82776013,50.7578261,56.48383211,52.08987374,55.44554388,57.79954158,55.62962758,33.0451482,34.60737912,31.11071293,32.55976095,33.12677151,31.81401987,31.53109135,32.2319731,31.50001928,30.13262006,37.77750318,37.7635443,37.44091993,36.5539183,39.23054423,35.93084348,38.57782939,33.25292282,37.62422595,37.87005149,54.92001733
13,"1-Butanol, 2-methyl-, acetate","70,55,73",4.652,4.235868342,5.511246125,4.896393649,4.374619698,5.911176833,6.168732612,4.455070476,4.789977464,3.412171338,2.595487805,2.982743217,2.850736281,2.912352603,2.678886759,2.823404059,2.934730146,2.763782688,3.057433699,3.05126049,2.893760923,3.390937001,3.212854779,3.074065167,3.195801049,3.174632998,3.295761663,2.886831002,3.164129377,3.246490864,3.37780653,2.758081706,2.813516326,2.48216194,2.722221384,2.94527992,2.824757124,2.553960952,2.759967832,2.886933534,2.958740202,2.78822837,2.882462152,2.779609725,2.881781868,2.897056221,2.817098161,2.977409868,2.649320078,2.901601232,3.09029068,3.066128797
14,"Pentanoic acid, ethyl ester","88,85,101",5.312,1.680008771,1.940478169,1.594294287,2.448748803,1.215081724,2.059871667,1.917322125,2.323985623,2.011629271,5.982314108,7.462539147,8.563770619,7.218924056,8.265119825,7.014619929,6.434895247,6.078042624,6.491228231,6.825380607,6.425228264,7.358589818,8.286192013,7.66233139,7.972743768,7.610881204,7.475172131,6.621759436,7.37888349,7.357045377,7.330394885,4.562255522,4.553727502,4.08210699,4.51788401,4.736227023,4.631849192,4.220325527,4.48364474,4.720289434,4.844041266,4.541204864,4.716849915,4.550614204,4.744664591,5.099967195,4.481244102,4.971426886,4.454070536,4.837244773,5.144069909,6.367680629
15,1-Butanol,"56,41,73",5.559,8.342384323,9.695516305,9.59445908,10.65565636,9.695387361,9.88412579,16.90180815,19.25406207,17.58613412,13.213503,26.14297854,25.57144274,25.15536936,26.18180354,24.02343601,26.76853285,24.48343939,25.70719384,27.28233896,25.81811814,30.01589733,30.00831559,26.05828472,27.14947353,25.25891107,29.34893809,27.98503251,28.63176249,28.47935016,28.30108707,20.42835904,21.62000536,19.82473461,20.34834586,20.83026973,19.5833117,19.37990119,19.511303,19.20130386,18.10553339,23.66845584,23.43031405,23.19278785,22.41307665,25.18975534,21.81200773,23.91774347,20.1068869,22.97198455,23.08090396,26.11667542
16,"1-Butanol, 3-methyl-","55,70,57",5.69,96.95224798,103.7121922,95.03433831,102.3180872,102.5155941,101.2971228,121.6878381,118.9544715,117.3343419,112.6114906,142.278046,141.4524159,136.0100331,144.5826975,131.6438149,140.1629222,130.2574349,143.6133878,147.0901728,138.1120526,162.4978604,163.5295169,148.8786777,149.9054737,147.1055057,176.607517,160.5018886,166.8392728,180.0274158,161.0356689,116.6224014,123.4595981,112.7208736,117.921211,119.6158092,114.1415649,114.0469799,116.8778556,113.9156494,109.178826,132.0038891,131.0233875,128.7665174,127.1780173,134.5744311,125.4060395,133.436456,115.1108521,131.3057272,132.1558744,173.9294022
17,"Hexanoic acid, ethyl ester","88,99,115",7.103,5.062875981,6.146812593,6.085308814,9.060553648,5.732727471,6.666775378,4.954243178,7.081213365,6.104037415,24.19351209,21.94593749,26.51542554,20.40188772,25.50928727,20.12438743,18.96632909,22.14606202,18.98014271,19.82321858,18.51834139,21.04852493,24.14059367,22.36825535,22.96419179,22.12908332,21.64969859,19.08417837,21.26678494,21.57751137,21.71980157,15.53657581,15.80901093,13.83176162,15.74354035,16.33935638,16.44774386,14.86765745,15.52633008,16.55956967,17.07885211,16.29104442,16.52967965,16.51358825,17.12148139,19.38165753,15.42655472,17.49846459,15.50580719,16.09333969,17.05093177,24.15514429
18,1-Pentanol,"55,70,42",7.763,0.85745488,0.996682057,0.854441189,0.925268048,0.893497627,0.897331094,1.330733214,1.306799481,1.309763904,1.596182559,2.593973479,2.534762605,2.510680221,2.540450537,2.415418693,2.4079813,2.159610035,2.427991824,2.533441033,2.369106656,2.721331972,2.799061777,2.523186313,2.632433228,2.57454861,2.755218384,2.56472388,2.739648489,2.737455959,2.739445965,1.782151875,1.864595467,1.682061825,1.732305521,1.754897709,1.757724396,1.704454438,1.753043393,1.72031376,1.690146311,1.919563047,1.912252722,1.9037735,1.858375178,2.063572029,1.796152539,1.979381527,1.726503314,1.953782681,1.976099527,2.470720414
19,Furfuryl ethyl ether,"81,126,97",8.101,18.60391298,22.94017862,17.89733475,18.99054581,18.04360711,19.97966693,22.47021558,17.05862494,19.54250551,19.37070468,21.07873988,20.60248089,21.23909705,20.07374283,20.73022439,21.40746488,20.11076023,21.74218921,22.27010561,21.24713222,24.15177547,23.98026663,22.42072212,22.97792898,22.28994353,24.04820637,22.69582905,24.10196271,23.05643259,23.5865236,23.22565357,24.68187192,23.09193086,24.13127634,24.42119053,23.8972598,23.46864051,24.43414203,24.78365754,24.99430444,26.48743139,25.79447527,25.60893299,25.4170301,26.74210739,25.10226304,27.35881332,23.76582569,26.30585826,27.26187731,25.46003475
20,"Propane, 1,1,3-triethoxy-","59,103,87",9.12,0.521225313,0.648986987,0.517940029,0.616075421,0.588403418,0.630365691,0.532117246,0.49093467,0.466138763,0.654181502,0.775449317,0.852175079,0.782931249,0.817251077,0.784208449,0.78571324,0.753368325,0.807673553,0.835340879,0.749661096,0.549445727,0.749809111,0.73823906,0.787971556,0.75413376,0.824836483,0.798837461,0.855134216,0.823787679,0.870137858,0.441195097,0.516867242,0.476930547,0.570480712,0.587629053,0.596810425,0.529645334,0.541867494,0.579733588,0.610130694,0.553509749,0.509618401,0.586203189,0.628191999,0.53714379,0.459608618,0.65418377,0.60596538,0.502058577,0.506322338,0.587123702
21,"Heptanoic acid, ethyl ester","88,113,101",9.51,0.271097761,0.324544042,0.355290272,0.506110227,0.316518303,0.397987644,0.30761653,0.403433532,0.349084987,1.415510267,1.350802281,1.935621789,1.249149225,1.848097045,1.228903243,1.154593632,1.191771589,1.159178556,1.215329494,1.126705297,1.224483409,1.471522472,1.362409034,1.411733634,1.341584935,1.283042514,1.118447171,1.29079368,1.290474462,1.340830019,0.915440038,0.934586336,0.827128731,0.952190598,0.964626159,0.976701971,0.870346664,0.901995644,0.967704997,1.013296757,0.93976742,0.940897198,0.976687783,0.99317761,1.110409314,0.879601525,1.016110985,0.919237094,0.935471166,0.970447295,1.393114352
22,"Propanoic acid, 2-hydroxy-, ethyl ester","45,75",10.196,142.9885434,160.4763378,134.6669444,146.4478534,138.574936,137.7502352,249.0784018,281.7661624,255.6869122,104.6472826,211.2242179,206.5863137,200.1324718,217.948737,191.3095352,201.6503123,184.2620146,201.1798113,210.7762165,197.3631151,228.7491121,242.7643058,211.8076357,215.8123607,211.9554169,236.5425974,187.7098917,228.8849141,236.9009912,219.4426155,191.3536517,204.5184257,184.3016825,189.6886272,195.0548699,181.5244305,188.0659078,190.5808353,184.3059592,170.5176071,226.9974541,224.3176599,219.056299,213.8723817,192.0495643,214.3181019,226.5605206,190.4538925,216.6906182,218.6272995,224.0331915
23,1-Hexanol,"56,69,84",10.44,5.087844313,6.073821144,5.430852341,5.917485946,5.55794716,5.551211177,5.330502556,5.164239628,5.452523339,11.77926912,10.04394736,9.734111294,9.286363657,9.517278106,9.181687285,9.399902499,8.871546293,9.488444196,10.00681467,9.363711196,10.53374672,10.67558452,9.999943286,10.25754937,9.887026011,10.51980771,10.24595617,10.3502497,10.55749635,11.0707567,7.830758654,8.202718929,7.409413336,7.755376504,7.828918533,7.922239482,7.454150381,7.787845153,7.664951687,7.716814822,8.852126536,8.856091405,8.7324181,8.567838654,8.769945175,7.851669159,8.36540552,7.404689646,8.40335877,8.398434546,12.64598229
24,"Pyrazine, 2-ethyl-6-methyl-","121,94,123",10.646,0.247371011,0.29924472,0.267009252,0.288164586,0.242991328,0.291201483,0.462883408,0.372447057,0.437626139,0.563609245,0.827168622,0.838300949,0.789820811,0.845535029,0.784768288,0.89589936,0.816236738,0.876898322,0.959939422,0.894390298,0.911770124,0.880998139,0.76895167,0.837357865,0.792954148,0.925549427,0.916353466,0.956495019,1.003088388,1.079351615,0.847037698,1.011672851,0.855280137,0.863590688,0.865196848,0.93127693,0.838222281,0.854891014,0.911261672,0.819309097,0.971591539,0.982862775,0.951438471,0.920098325,0.976009988,0.916058965,1.01049296,0.863216265,0.979274169,0.983091484,0.969267917
25,"Pyrazine, trimethyl-","122,81,42",11.388,1.295277764,1.624009185,1.155391313,1.20691377,1.258776801,1.198211834,1.913977373,1.618764569,1.799273872,1.112886539,1.547240853,1.627223484,1.447998744,1.659789306,1.446909033,1.136436764,1.056120607,1.131798706,1.211809837,1.180718409,1.24201745,1.721242334,1.510319549,1.566689677,1.521862103,1.286248165,1.288585805,1.275272863,1.316578816,1.39877111,1.086829666,1.160272029,1.097139299,1.104347687,1.12202171,1.066894948,1.092853457,1.160567437,1.069220053,1.028292985,1.341102222,1.246383451,1.23828097,1.19343813,1.4150723,1.20118452,1.274933733,1.094317354,1.328432674,1.289383675,1.780117852
26,ethyl 2-hydroxy-3-methylbutanoate,"73,76,104",11.849,1.414651904,1.658659904,1.280068996,1.326682924,1.237200272,1.415599496,1.782362665,1.852680042,1.626171223,0.802754476,1.41683675,1.485688089,1.330159292,1.435785178,1.288817418,1.257650891,1.170740263,1.259716547,1.310225895,1.239557907,1.273896137,1.46171917,1.359973868,1.477534393,1.428595682,1.391403584,1.188826987,1.328635764,1.359974923,1.433230607,1.155875395,1.265412377,1.136855441,1.207364117,1.222659126,1.186318504,1.184978294,1.245272556,1.215174509,1.210489293,1.367118136,1.349589831,1.339087701,1.294201729,1.334346905,1.345595345,1.391123068,1.211506053,1.400077149,1.404949714,0.87756552
27,"Octanoic acid, ethyl ester","88,101,127",12.449,2.205289159,2.503798773,2.692183044,2.839829313,2.636443406,3.130041995,1.944708848,2.220317065,2.15540359,3.233129717,2.905006283,3.016202143,2.74346721,2.83395124,2.712327475,2.768699323,2.709786529,2.700329727,2.902978148,2.676099678,2.882190392,3.067950191,2.936544695,2.999087582,2.837341106,2.861762077,2.713015077,2.961856348,2.894820437,3.232300819,2.399466068,2.535082046,2.272782029,2.596196322,2.695783467,2.610583249,2.437338625,2.536959926,2.712576008,2.796375226,2.653296529,2.618420525,2.71174029,2.779078313,2.651055813,2.396098269,2.826784786,2.487082138,2.548155916,2.683561557,3.064827677
28,Acetic acid,"60,43",12.696,4.882083391,4.765257343,4.013977303,3.895936607,3.179629924,4.327668521,10.00850197,9.227707422,9.027329102,3.450552717,9.458362337,8.451777967,8.618525756,8.983052194,8.065323062,8.973979474,8.010110462,8.581488257,8.953658073,8.673326093,9.812897728,10.6374891,8.500190882,9.384659352,9.275147916,7.672407955,6.112779056,8.587856447,7.713931912,9.904887827,5.895198164,5.916233206,5.576091292,5.707874942,5.809297691,5.495995415,5.369131833,5.461366936,5.265400303,4.940863737,6.571123789,6.721241681,6.590496403,6.263478994,4.729226073,6.227619535,6.552203012,5.644755851,6.109971701,6.169220081,5.628870249
29,Furfural,"96,67",13.21,27.98201605,32.59916129,25.1709332,26.22242979,23.31609783,26.67853669,37.03748789,32.3949075,32.72301283,36.66629884,52.71880245,53.4847471,49.59100432,56.25000512,47.45295164,53.60900025,48.85654488,52.62669877,54.56131946,51.54513359,60.38946467,61.80655705,52.65970005,55.23503855,54.15089318,60.32962779,54.44947556,60.96883744,60.38780258,61.90602735,38.45659734,41.2177847,37.27988228,38.20491236,39.1407518,37.28525726,37.04798865,38.21698761,36.49255317,34.89521486,43.39951802,43.77644175,43.10549614,41.69550931,43.65358743,42.00148776,45.43022099,38.55913691,44.26430292,44.08834582,57.18991388
30,"Ethanone, 1-(2-furanyl)-","95,110",13.536,0.540475532,0.635743387,0.50291569,0.518258241,0.491653011,0.550839699,1.038532719,0.953190644,0.977437963,0.673259287,1.101818061,1.073245852,0.950893174,1.03933248,1.012851176,1.041248264,0.918836959,0.950940509,1.00218874,0.95152123,1.082196728,1.103664512,1.079280386,1.068004924,1.031157238,1.081641869,0.921466277,1.070631339,1.263322123,1.13118956,1.093049086,1.202106691,1.097271992,1.1121395,1.145990055,1.09465234,1.07652923,1.110221763,1.092460812,1.03197952,1.284206023,1.291602085,1.182414205,1.235443884,1.289657443,1.213886265,1.3189237,1.108504579,1.283204534,1.253959141,1.424261569
31,Benzaldehyde,"106,77,51",14.473,2.753943187,2.797735944,2.639707907,2.457440622,1.937572327,2.561643061,3.25713395,2.288448415,3.443798475,7.11790274,5.692744874,6.229556636,5.250575065,6.147032367,5.231944733,5.283026319,5.04790505,5.549192259,5.4682976,5.206410095,5.810543076,6.396616861,5.937185913,6.183971658,6.08834208,6.164742763,5.735551893,6.075906418,6.391327182,6.764728988,5.013710971,4.68300891,5.101253217,5.329355143,4.838061147,5.005689012,4.773944282,4.847232923,4.702179887,4.831499639,4.801327704,5.07907363,5.02745974,4.806925768,5.470438661,4.88312272,5.514419096,5.17161242,5.642766269,5.693548922,7.848806447
32,4-Undecanone,"57,71,127",14.829,0.138852172,0.189858644,0.178369131,0.212556029,0.194626548,0.16850362,0.171286477,0.133695619,0.146678726,0.14196186,0.214362909,0.192166335,0.184511454,0.1823274,0.202912994,0.203930056,0.197971593,0.211915173,0.225755097,0.203880481,0.208394136,0.232877517,0.21022125,0.226800126,0.201318983,0.286034856,0.208111091,0.230210499,0.284194483,0.201649477,0.141906638,0.173060151,0.151535814,0.151456827,0.167653045,0.166554951,0.145145122,0.159150583,0.15579187,0.174406419,0.170676497,0.165338588,0.168765821,0.163424179,0.163509987,0.164481869,0.185764573,0.157808856,0.157266691,0.163958379,0.119464047
33,"Nonanoic acid, ethyl ester","88,101,141",15.009,0.349021281,0.404801779,0.394999934,0.433341911,0.39250521,0.459954401,0.419854314,0.42026217,0.404688929,0.424043913,0.528664625,0.529770166,0.522756126,0.507440359,0.504186233,0.526831056,0.465406714,0.520460589,0.477786718,0.496157393,0.549537289,0.571990202,0.547691,0.550280449,0.543688533,0.537463836,0.512146391,0.521158531,0.512679035,0.596724701,0.452527762,0.487693717,0.440848161,0.485871189,0.489829543,0.502038909,0.453632866,0.472382142,0.502112354,0.51483656,0.515841125,0.487460576,0.508056959,0.503087658,0.483874344,0.447559125,0.50723247,0.462121283,0.482357486,0.506380127,0.38631311
34,"4-Heptanol, 2,6-dimethyl-","69,87",15.152,15.19554208,18.42963312,15.26099777,16.17887936,15.54281441,16.45806484,16.79514076,17.54913176,15.09477099,12.01837893,18.8625871,19.12297113,17.87756203,18.69498966,17.57774939,17.58163884,16.57934486,17.83524985,18.70040771,17.4219413,19.21746137,20.34606623,19.21574832,19.62147946,19.23370797,19.79292043,17.0226338,19.45834958,18.74797564,19.76502357,16.92985021,17.97186293,15.87697454,16.48445167,16.80687018,16.79986741,16.67674751,17.70297572,17.2126433,17.12237729,18.5703773,18.37082821,17.6902869,17.45599828,16.7825719,17.72641725,18.78229651,16.37256267,18.71478183,18.98734195,12.19231631
35,1-Octanol,"56,70,84",15.317,0.388512707,0.423529848,0.356726677,0.39664122,0.354626415,0.395039427,0.306296233,0.278359673,0.285657684,0.652009279,0.413414181,0.418548299,0.389557933,0.407445383,0.378199657,0.438994562,0.418478285,0.41392645,0.437310663,0.418374021,0.399132148,0.419336625,0.386320658,0.402550404,0.414282728,0.479004895,0.458697846,0.454930398,0.491957513,0.487333577,0.327394371,0.356443619,0.340674884,0.349164341,0.356755651,0.360581135,0.341637966,0.358726618,0.344319831,0.356602726,0.398515403,0.396120325,0.386158703,0.386462065,0.369699267,0.333643931,0.362440114,0.328571266,0.366921409,0.366947313,0.52510808
36,"Propanoic acid, 2-methyl-","43,73,88",15.65,2.869991253,3.773124615,2.815401153,2.975219787,2.930738926,3.066156729,4.661615158,4.589485895,4.389485709,1.177297675,2.835569227,2.832381963,2.692056742,2.876370539,2.623690144,2.553353694,2.367656901,2.4723992,2.587068783,2.435354094,2.351530047,2.964418862,2.531185465,2.819542357,2.806387703,2.389017034,2.14028187,2.531418337,2.428895825,2.793973431,2.137911771,2.266688085,2.172516887,2.214586474,2.259156128,2.122205768,2.148943953,2.196945957,2.230739713,2.099879593,2.574583263,2.615896802,2.5669686,2.473820525,2.471746398,2.515609097,2.685773563,2.267973955,2.616311656,2.634498867,1.880755491
37,"Pentanoic acid, 4-oxo-, ethyl ester","99,129,74",15.943,0.182068345,0.187470246,0.147579083,0.146135478,0.130459826,0.17198295,0.38043403,0.288887295,0.39129158,0.335159851,0.567539169,0.561083306,0.539633729,0.55993739,0.514034825,0.555651856,0.520820715,0.535771268,0.595184742,0.53607796,0.60845716,0.622169816,0.521273137,0.585552671,0.578528037,0.568460201,0.474685215,0.60095168,0.586419072,0.634015954,0.387240776,0.41519671,0.407858551,0.419801955,0.407450467,0.389175806,0.387198615,0.389790271,0.388800695,0.373831253,0.466108378,0.474101051,0.472183435,0.451268008,0.436267689,0.452113445,0.495256893,0.426658277,0.47895996,0.477670652,0.687708233
38,2-Acetyl-5-methylfuran,"109,124,53",16.925,0.628240584,0.736953309,0.584744469,0.586150242,0.511895339,0.645887187,1.175491484,0.890452756,1.015912084,0.938471195,1.453183659,1.475547448,1.366648452,1.47016881,1.365915215,1.503038739,1.402170784,1.493989154,1.549858113,1.456171565,1.606798749,1.619780423,1.441647864,1.512949575,1.49475418,1.58301059,1.459805994,1.640451669,1.522269694,1.705648124,1.270217921,1.347322183,1.257167488,1.276267748,1.277992609,1.250290866,1.270446325,1.284438819,1.253466822,1.241852622,1.47878086,1.480140402,1.468270491,1.420664039,1.464125296,1.400361605,1.522150668,1.28540501,1.471847036,1.474481197,1.769310591
39,"2-Furancarboxylic acid, ethyl ester","95,112,140",17.015,0.56555777,0.59658125,0.480790412,0.534255978,0.48187582,0.562036421,1.006468373,0.677540668,0.551997973,1.30111439,1.642002869,1.164090091,1.502374033,1.150187539,1.460642221,1.562265834,1.469518291,1.551631619,1.647011392,1.525723892,1.779483872,1.831601233,1.719345354,1.75890639,1.719254364,1.694375379,1.509852553,1.710340204,1.690280747,1.852524457,1.566379739,1.655286813,1.386543511,1.447998848,1.456370434,1.557710077,1.331428016,1.410434399,1.387106371,1.396205406,1.517236011,1.464812837,1.464841157,1.416453194,1.594283658,1.364499202,1.491507982,1.314234502,1.474093051,1.48220178,1.710388449
40,Butanoic acid,"60,73,88",17.236,2.051082374,2.683674168,2.325899637,2.441100687,1.987688246,2.649721049,3.824861481,5.012418866,4.687341902,3.896944556,9.681098037,9.873069377,8.973052637,10.04865308,8.77776932,8.747276993,8.118854666,8.452827304,9.20196853,8.70048854,7.737212174,10.03400447,8.61163294,9.643937474,9.468478051,7.796065276,6.691903276,8.431015451,7.606418176,9.78516532,6.264638529,6.4509417,6.350040609,6.522202702,6.658697997,6.222679487,6.146851891,6.38806459,6.283909476,6.147944374,7.773664042,7.914302801,7.670467659,7.410951578,7.022104311,7.084712654,8.069475183,6.935944962,7.898780552,7.802204395,6.016789844
41,"Decanoic acid, ethyl ester","88,101,155",17.334,1.101590943,1.237429994,1.218882754,1.275267737,1.133215994,1.379202021,0.785538745,0.949910486,0.903369408,0.756134319,0.914602926,0.920425682,0.89860784,0.837035257,0.837701616,0.827218009,0.785119398,0.809492897,0.847202929,0.814374567,0.823397948,0.914592197,0.884614682,0.914660435,0.856160834,0.888242728,0.782083171,0.837029586,0.816832869,0.985476962,0.893971185,0.96572855,0.868008492,0.939285756,0.956625313,0.951127864,0.879568069,0.911258898,0.966378138,0.993076394,0.976673717,0.960276612,0.98092402,0.962092667,0.926589278,0.884762324,0.995738191,0.88270221,0.954442586,0.974804571,0.705406119
42,1-Nonanol,"56,70,83",17.532,0.411795221,0.470198377,0.412873915,0.41785747,0.404179468,0.469601141,0.408851842,0.397028796,0.366412554,0.393750846,0.438763446,0.446983039,0.431429943,0.421116623,0.446465712,0.435389026,0.42866097,0.451261445,0.450744468,0.440909624,0.423899553,0.45678252,0.455066135,0.461891953,0.470109884,0.477439932,0.437558337,0.476623655,0.451062279,0.506289533,0.342305179,0.360307173,0.329518435,0.358601215,0.353507444,0.35763476,0.348305922,0.363850971,0.356116434,0.364438927,0.383438273,0.364863205,0.370457732,0.361767566,0.34870282,0.327190071,0.363740251,0.347329143,0.341075129,0.34756495,0.334387806
43,"Benzoic acid, ethyl ester","105,122,150",18.02,0.609913009,0.555283457,0.616368559,0.531569727,0.42225372,0.56395493,0.702108575,0.534523176,0.742329317,1.472212372,1.037217538,1.105462257,0.946178624,1.06823966,0.941854479,0.949688789,0.900952812,0.956026986,0.946613088,0.889750982,0.99429762,1.142756879,1.054825415,1.126007844,1.072469063,1.057965493,0.932321169,1.062718414,1.072827028,1.172424583,1.009431175,1.016865271,1.034222233,1.107849001,1.033499534,1.037897535,1.005010385,1.047733123,1.011045592,1.056923834,1.008255827,1.034691711,1.059496114,1.012052241,1.046892916,0.987692226,1.117629046,1.037922378,1.121058175,1.120779076,1.59308851
44,"Butanoic acid, 3-methyl-","60,87",18.125,24.69999037,32.51707118,25.36345788,26.10101808,26.26451492,27.13620406,30.5996966,27.2700557,28.4604806,11.27053212,20.46192398,20.13829971,19.0094915,20.02265138,18.88915458,17.16000252,16.07926546,16.83846699,17.58329276,16.63354441,15.91813172,21.14282244,18.76640852,20.26494408,19.67396123,16.06656676,14.80320167,17.19196938,15.92770504,19.36335384,15.43075535,15.96628465,15.13274853,15.42101934,15.82673241,15.29953745,15.31532484,15.90808344,15.57868938,15.53520385,17.91313061,17.78006864,17.5353841,16.8344706,17.14441436,17.0660753,18.145432,15.65886337,17.95017886,18.00566051,13.7123164
45,"Butanedioic acid, diethyl ester","101,129,73",18.248,5.170494958,6.190966354,4.131600381,4.145518415,3.98456997,4.774030773,4.050783087,4.818526509,3.897380313,2.846662901,3.968387275,4.20693249,3.685757545,4.040030415,3.67109137,3.759399617,3.568719653,3.733717282,3.924350361,3.64196288,4.048608505,4.256989532,3.989481011,4.050210187,3.910460109,4.068424299,3.416242963,4.026979143,3.939066055,4.407311481,4.197239863,4.469516789,4.095825442,4.234900056,4.36158914,4.171017133,4.159589146,4.417936956,4.251441842,4.275916686,4.617280237,4.617730115,4.491912074,4.385715667,4.204412946,4.371562823,4.752848755,4.149990687,4.733015971,4.800943139,3.574733898
46,Ethyl orthoformate,"108,75,47",18.451,0.617225814,0.702757523,0.752583821,0.797645459,0.559030153,0.905081003,1.159019213,0.733316323,1.62651728,2.565360015,3.356602338,3.449708488,3.29577433,3.415834219,3.225356876,3.335825474,3.155182334,3.445594646,3.575044557,3.323109671,2.274542026,2.770180554,2.91034821,3.17678732,3.130531846,3.345487102,2.209009855,3.436883064,3.193424714,3.711410666,1.963858291,1.887678357,2.123042679,2.170314307,2.046404299,1.959498062,2.066642643,0.10981226,2.196199923,2.245868205,2.372421459,2.442338748,2.460435105,2.340591191,1.305603957,2.176152116,2.465740233,2.178178835,2.443174642,2.444142564,2.94585487
47,"Benzene, (2,2-diethoxyethyl)-","103,75,91",18.859,5.877034954,8.533643075,5.717507913,6.944523556,6.986230009,7.645214962,4.475742548,4.336822956,3.810396417,1.077741387,3.874062735,3.129989278,3.882322694,2.976285954,3.803670333,3.972877884,3.582017295,3.638112021,4.086241149,3.767997633,2.938500758,3.318666999,3.22720022,3.429684211,3.283944819,3.604008898,3.27467708,3.806170849,3.190923841,3.653301481,2.442110299,3.481898868,2.436546046,2.734659384,3.447760373,3.110894608,3.025378751,3.258037437,3.583596544,3.637053255,3.868723735,3.221300911,3.693672937,3.866857308,2.859243004,2.8283352,3.643628854,2.905246283,2.858379685,2.819492369,0.987921728
48,Pentanoic acid,"60,73,55",19.287,0.331308801,0.458660774,0.373152669,0.559749699,0.297693563,0.463281984,0.404538873,0.566093078,0.502709571,1.382218588,3.151547932,3.763743158,3.093789879,3.639228379,3.112269443,2.835466334,2.652525037,2.845915707,3.032560633,2.874879405,2.181408648,3.013420268,2.751354,3.143711489,2.963226402,2.445810047,2.065221865,2.645949407,2.208294978,3.250868864,1.405984151,1.462109111,1.455156184,1.519147766,1.499953388,1.500934075,1.463214926,1.606659895,1.566916456,1.581875207,1.704429588,1.802007702,1.735792167,1.686141317,1.730840237,1.639097186,1.882753891,1.660643447,1.790359399,1.868381206,1.067953876
49,"Benzeneacetic acid, ethyl ester","91,164,65",19.778,29.2529064,37.08623983,32.62053766,35.0129211,33.86814637,36.26035099,34.43757243,32.55808565,34.01061673,17.48963034,20.71445661,21.4166105,19.88277686,20.47264866,19.54471437,18.58021963,17.61623867,18.7729809,19.51972206,18.04651546,20.91289172,22.621822,21.14318969,21.48359024,20.97986715,20.66730567,18.08696382,20.42300873,19.51679174,21.29343479,32.48619046,34.61278071,32.10081972,33.22800056,33.63023213,32.58375492,32.20400853,34.10717976,33.36914854,33.90156418,35.35850719,34.928975,34.1716663,33.32280741,33.18731807,33.33914979,36.73639363,32.04710986,36.24667736,36.65418673,21.92226327
50,"Dodecanoic acid, ethyl ester","88,101,183",20.79,0.83148417,0.925977909,0.882833366,0.942891224,0.777755704,1.051657257,0.488069637,0.633913267,0.629477661,0.583454391,0.864767195,0.851392251,0.685566068,0.67010292,0.673680279,0.665603087,0.630059015,0.685841547,0.807398564,0.664482256,0.766843417,0.732090662,0.664077182,0.707666818,0.669655072,0.709584528,0.585377583,0.604504422,0.548548704,0.784396423,0.632811951,0.671052577,0.595936074,0.620010407,0.629924121,0.632484873,0.599547368,0.636251947,0.651767503,0.684880272,0.668899403,0.661886882,0.652425198,0.632870716,0.626902683,0.607978725,0.672421476,0.602992433,0.67310919,0.65716266,0.444744013
51,Hexanoic acid,"60,73,87",21.997,1.031447245,1.416079598,1.52184848,1.805023818,0.896874823,1.577252847,0.806650916,1.227725627,1.281362512,7.451445229,9.19423661,11.18601732,8.266161735,10.35952461,8.232532052,8.22782143,7.743534639,8.076761153,8.202547153,7.69975564,5.499905186,8.030218581,7.64984563,8.619730408,8.081153573,5.658300533,5.013917885,6.714126001,5.541030246,8.953637615,5.381243745,5.403094171,5.181685806,5.374727723,5.343482081,5.734249013,5.35212743,5.966433253,5.859345792,6.314468279,6.611974824,6.575039397,6.437084136,6.125000368,7.196314765,5.742435783,6.420388173,5.924010585,6.547431679,6.507481035,4.527366068
52,Benzyl alcohol,"79,108,91",22.061,0.330146954,0.409704944,0.292157932,0.316789414,0.28518543,0.317160969,0.493451418,0.456629142,0.457326669,0.266675797,0.504348288,0.506369615,0.469061288,0.508607254,0.46262106,0.472430917,0.427629812,0.444919364,0.475247729,0.44399003,0.444073619,0.530193997,0.465500453,0.474758386,0.488795666,0.47797,0.381002777,0.489614489,0.469616378,0.539792181,0.354631145,0.36072552,0.34767701,0.356333697,0.357428087,0.342012616,0.343120973,0.358003952,0.336607465,0.34382027,0.395078882,0.41229299,0.401052771,0.387454866,0.341814318,0.381246865,0.398927453,0.345347178,0.39454626,0.394986439,0.482144571
53,"Benzenepropanoic acid, ethyl ester","104,91,178",22.706,0.488659409,0.600309172,0.740779811,0.841652068,0.7566795,0.777776551,0.933914932,1.201238025,1.102648796,0.40458835,0.443879477,0.4778867,0.420409074,0.450633771,0.413332397,0.382316006,0.36652296,0.381357625,0.398164554,0.362689757,0.424647306,0.475074968,0.420531052,0.444463784,0.445791288,0.406789423,0.357877137,0.421520269,0.405427295,0.46043836,0.670997614,0.713846975,0.642909523,0.666161056,0.668252958,0.673765913,0.670820904,0.694952069,0.680388259,0.705971323,0.734048092,0.7436995,0.709513523,0.690738464,0.703264544,0.671441675,0.735782296,0.650680923,0.73198444,0.744123244,0.473076562
54,Phenylethyl Alcohol,"91,122,65",22.814,20.75828588,22.26250559,19.80120918,19.71323289,17.74320346,20.94149028,30.57907482,30.09267724,30.51556474,21.08966506,32.74728831,31.3755381,30.21609873,31.50549841,29.51323792,31.47937117,29.18908592,31.26471408,32.17632795,30.08309627,33.54551959,34.64869127,31.19527505,32.48926421,31.40758926,33.71518495,28.41134266,33.84553687,33.20662004,35.70217242,27.1125545,28.24203852,26.6676698,27.63312357,28.15655965,26.51143593,26.55794467,27.30695513,26.45780076,26.15652607,31.3033038,31.5891633,30.89518418,29.60350087,27.80502036,29.22131289,31.74148078,27.14658163,31.15610028,30.82892558,37.66930545
55,Heptanoic acid,"60,73,87",23.377,0.045152585,0.063880155,0.066526427,0.081117937,0.067189521,0.082756023,0.039369987,0.042706882,0.064873326,0.250950791,0.338362859,0.406805871,0.301743361,0.379386853,0.333366854,0.306658472,0.262418967,0.302664578,0.31719901,0.240134491,0.151702263,0.249100547,0.264400007,0.286284635,0.237498988,0.204278158,0.205613679,0.23735187,0.173465339,0.262551627,0.160993826,0.1261192,0.13485728,0.15649205,0.139889427,0.154557483,0.13985982,0.177337656,0.16905009,0.165903307,0.165848427,0.193018505,0.160943354,0.159738262,0.185303147,0.168864543,0.16058485,0.166252429,0.163069848,0.195719103,0.107846905
56,.beta.-Ethylphenethyl alcohol,"91,119,150",24.235,0.134990738,0.206539515,0.186049266,0.208141681,0.154100197,0.178789863,0.225343191,0.215401379,0.235516499,0.284077193,0.310631784,0.331919291,0.338171766,0.320100613,0.309031005,0.349255472,0.31067931,0.331492216,0.336960137,0.310734406,0.275646109,0.309687673,0.360611207,0.346379975,0.311009935,0.338940703,0.311822505,0.337043961,0.329114932,0.445426174,0.40898053,0.427673283,0.40598043,0.396837783,0.386832904,0.382721338,0.387354721,0.410725662,0.390469635,0.383056852,0.425402547,0.439509838,0.416227014,0.407835816,0.440288024,0.392083398,0.443120194,0.398122035,0.432283881,0.41442659,0.446695693
57,"Undecanoic acid, ethyl ester","88,101,157",24.797,0.346754539,0.441562881,0.450174123,0.418062789,0.420877825,0.50213992,0.237955167,0.335068811,0.370775344,0.294832058,0.311555343,0.339831881,0.317418025,0.338359873,0.316023277,0.264942302,0.243836641,0.273324448,0.262872701,0.26536389,0.254373304,0.289416438,0.310328716,0.322076713,0.306677,0.22767688,0.229053953,0.246915564,0.225435868,0.314518876,0.2826168,0.293322498,0.268142653,0.277959847,0.281659396,0.291309537,0.272862126,0.295143031,0.309997728,0.323071937,0.29370152,0.300103083,0.299271034,0.292602428,0.281558314,0.271805888,0.304959731,0.263115881,0.30867322,0.292237955,0.210515884
58,"2(3H)-Furanone, 5-heptyldihydro-","85,56",25.161,0.351458883,0.429178598,0.424411495,0.395837056,0.375702619,0.438363045,0.48346746,0.360221013,0.42482203,0.653685668,0.794248603,0.785755091,0.754886966,0.724695058,0.768155929,0.746075832,0.700661114,0.737628798,0.766089613,0.721426119,0.790710467,0.833899994,0.78956941,0.83275714,0.800455541,0.752040461,0.660929204,0.735740555,0.719536987,0.896787398,0.607415043,0.631961778,0.589913837,0.62367845,0.622390561,0.591034259,0.602591435,0.640587938,0.62213087,0.637094265,0.66653982,0.674644418,0.651988126,0.642422147,0.636524523,0.619742142,0.669809273,0.589037786,0.667214825,0.657127987,0.655671476
59,"Tetradecanoic acid, ethyl ester","88,101,256",25.641,2.420344862,2.693505772,2.510373491,2.627803689,2.178228804,3.006314423,1.082328842,1.859616345,1.812658862,1.669341615,2.025012516,2.048144356,1.93023161,1.870626081,1.92159519,1.955398448,1.854140221,1.982073102,1.978194994,1.854978148,1.930209478,2.00174668,1.889246157,1.989059586,1.940342361,1.677488923,1.646777577,1.801132497,1.629759612,2.270796805,1.772196286,1.856240839,1.6319956,1.692679542,1.717241308,1.765673249,1.637228507,1.772314465,1.79579958,1.915932645,1.823884986,1.844424772,1.814902196,1.761103501,1.761887523,1.66645743,1.833456023,1.633452109,1.830206223,1.81181753,1.148955226
60,Octanoic acid,"60,73,101",26.094,0.125058081,0.183881331,0.216758226,0.184940684,0.118347784,0.286486503,0.085504922,0.077712523,0.089554605,0.295469558,0.423476114,0.449644656,0.405487766,0.412285346,0.374520717,0.390161276,0.395427607,0.416719528,0.397600334,0.404169234,0.180147391,0.273419987,0.284442162,0.358830524,0.290956571,0.212128215,0.216330919,0.239235899,0.206071963,0.403919613,0.150214249,0.168704424,0.145595234,0.184391406,0.181056171,0.178700797,0.168884384,0.205215013,0.202605103,0.226406931,0.224329782,0.226127899,0.217426502,0.18700035,0.21057733,0.207370282,0.201902975,0.194576318,0.213565293,0.230993386,0.11294517
61,"Pentadecanoic acid, ethyl ester","88,101,270",26.312,2.465075993,2.951528522,2.533680329,2.739958948,2.518971191,2.964605821,1.115575168,1.702415086,1.861168636,1.606477007,1.745684521,1.777659038,1.658160753,1.708188943,1.632387048,1.539599109,1.457649233,1.532310695,1.574374807,1.45982565,1.493323442,1.740984886,1.654304281,1.661758322,1.646203791,1.362552733,1.296412339,1.409595217,1.263965204,1.817702909,1.590015795,1.643659238,1.473774082,1.555961578,1.553189783,1.580221227,1.512756278,1.629883727,1.603114819,1.740803739,1.625377511,1.672591648,1.601577446,1.582159674,1.548760713,1.506129374,1.651341377,1.472306272,1.655005611,1.626338602,1.108753278
62,Ethyl 13-methyl-tetradecanoate,"88,101,157",27.114,1.949215682,2.317579592,2.145584408,2.367305778,2.201785787,2.375406781,1.045083904,1.64889535,1.689697399,1.486190155,1.541116199,1.613000092,1.47392877,1.523236029,1.453535696,1.269606708,1.173092592,1.24543085,1.277205601,1.19923826,1.243085669,1.544420371,1.460494574,1.523021783,1.444722323,1.152973893,1.11303939,1.15980875,1.125559728,1.520135777,1.33735606,1.386622156,1.225096524,1.277612697,1.293834739,1.32886792,1.274025613,1.368738808,1.372884104,1.448326332,1.365157867,1.380430189,1.35764645,1.335842315,1.315397396,1.266283821,1.364690919,1.226198881,1.370901749,1.370796534,0.998715712
63,"Hexadecanoic acid, ethyl ester","88,101,284",27.388,0.918292407,1.094189331,0.996749591,1.082045871,0.978386155,1.218881871,0.422432036,0.754475288,0.790591907,0.586146059,0.663953869,0.695368506,0.642357458,0.649443568,0.624905754,0.579904077,0.529370734,0.56686668,0.557341713,0.527136052,0.471420009,0.630341752,0.568485843,0.639604687,0.625472678,0.445635844,0.447842954,0.476246849,0.442392585,0.667415159,0.540705829,0.565420057,0.494364413,0.521240015,0.519143182,0.556144097,0.508314565,0.552521331,0.574001144,0.62137555,0.546467301,0.56059066,0.561099567,0.534560591,0.509087241,0.492575939,0.551842686,0.502407742,0.56712462,0.540695115,0.419876692
64,"Hexadecanoic acid, ethyl ester","88,101,284",28.992,82.15154043,88.65813561,81.17828415,96.5818633,90.17821802,91.5296142,46.14924441,82.24588362,78.26465625,61.16092354,67.96893706,67.23894779,64.86269596,65.89143824,63.48539747,64.5479851,60.1597658,67.01135719,66.18666585,62.32874987,71.00630351,73.9132122,68.8178833,68.40556137,67.88679746,71.01890585,64.04771718,67.10025994,67.16462152,74.580851,69.47070396,71.85505446,62.3481378,65.72223693,66.82005304,67.65289338,65.1603922,68.139925,68.64285761,69.51205006,70.87462241,71.06595665,69.84868697,68.64390647,67.38626532,64.90433504,71.41301192,62.60758465,70.91530649,70.15767037,51.87385674
65,Ethyl 9-hexadecenoate,"55,69,236",29.884,1.19698774,1.284856744,1.164542607,1.340986784,1.260069308,1.350641167,0.565413868,0.920259412,0.899809965,0.744836398,0.828724089,0.860436931,0.784267848,0.734494327,0.841186326,0.830212836,0.730425059,0.862843246,0.810313699,0.73536901,0.903087035,0.958049979,0.889588324,0.797809828,0.949007502,0.991883666,0.857123512,0.835002011,0.934207191,0.97355514,0.609683833,0.655844448,0.577144654,0.631581415,0.619108163,0.639034728,0.573165455,0.632332036,0.621965012,0.596218195,0.624757052,0.636464425,0.603596412,0.613471156,0.64194217,0.542913753,0.621513347,0.580169507,0.637959617,0.63234815,52.01525395
66,"Heptadecanoic acid, ethyl ester","88,101,298",30.297,0.398627615,0.516538342,0.48977953,0.553333494,0.48220937,0.595756656,0.214969432,0.31995156,0.362358744,0.296484836,0.247100646,0.34024136,0.313092304,0.322301802,0.31066482,0.305566241,0.191687974,0.280768385,0.287281925,0.252630714,0.247948734,0.313630141,0.314859601,0.30888537,0.31503144,0.277907145,0.259121218,0.189192479,0.289553497,0.335970398,0.230084705,0.219582755,0.195712495,0.188303985,0.230178172,0.233410097,0.203394959,0.214324974,0.218029835,0.234613638,0.212652872,0.218406232,0.21465838,0.209583721,0.220873311,0.206363297,0.22908658,0.202210925,0.224099904,0.226797919,0.258059866
67,"Heptadecanoic acid, ethyl ester","88,101,298",30.791,0.656705849,0.757437925,0.6775548,0.768917972,0.731142062,0.900615321,0.295356633,0.530374359,0.592610233,0.405804323,0.42896886,0.416055291,0.399922653,0.378684064,0.381592966,0.346483789,0.35027148,0.328071337,0.340560397,0.321322522,0.320236595,0.443837328,0.36838898,0.3791179,0.371671022,0.351409925,0.324643863,0.353533708,0.242822893,0.39101508,0.320689588,0.354413408,0.304898713,0.301824356,0.302767039,0.31317418,0.296746343,0.312377501,0.319233909,0.368412604,0.312021563,0.318139599,0.315812527,0.311830815,0.296695858,0.292288882,0.308383028,0.287061247,0.326926371,0.304616315,0.282940464
68,"Octadecanoic acid, ethyl ester","88,101,312",31.061,1.155833277,1.293993312,1.376134407,1.539324503,1.28564844,1.819028336,0.415327583,1.014398656,1.107332925,0.622223851,3.905451589,0.80024344,0.774389165,0.79924376,0.815742225,0.846936885,0.767965655,0.85803864,0.812543711,0.746393621,0.614256059,0.691004404,0.656801201,0.765474792,0.769014683,0.618109915,0.610430359,0.653937775,0.583418024,0.950435598,0.642022563,0.641706793,0.523699852,0.549917442,0.550952812,0.629761067,0.555525478,0.590975878,0.623105282,0.710046889,4.196584755,0.620777981,0.629764697,0.583675714,0.503252852,0.507291653,0.580588841,0.529518183,0.612820205,0.605002491,0.438185307
69,Ethyl Oleate,"55,69,264",33.341,5.821505476,6.517127934,6.43990405,7.27832019,6.408562738,6.7282327,3.42523914,6.177951137,6.364198115,3.28568807,3.905451589,3.847048156,3.711055723,3.695199576,3.685361546,3.779259426,3.463616727,3.848630655,3.758859314,3.52366032,3.723183422,3.922106315,3.743396405,3.842059891,3.750507113,3.515285591,3.118834654,3.538907764,3.306583278,4.325061251,4.133566991,4.227884706,3.734746403,3.917191963,3.910578514,4.092662647,3.833104611,4.093777823,4.078577033,4.333919394,4.221971447,4.244358027,4.1782737,4.054964574,3.707938282,3.806289422,4.233664564,3.779029653,4.257350927,4.20970594,2.666220312
70,Linoleic acid ethyl ester,"67,81,308",33.633,16.95164047,19.59863363,18.21563758,21.59550781,19.52865604,19.66832653,11.37326111,19.26055756,19.32801197,9.209517434,10.66348533,10.8904574,10.43169557,10.85202075,10.07257358,10.15963709,9.44071328,10.28463794,10.31522797,9.566581504,10.24702166,10.96468375,10.49152216,10.85698219,10.42607018,9.541175747,8.755748615,10.0572741,9.144955456,11.97016897,11.83762329,12.05448542,10.88677546,11.62220513,11.6561606,11.52081207,11.37533222,12.40873058,11.96550803,12.51800707,12.54677355,12.58981228,12.23103366,12.09973402,10.93667313,11.47181509,12.49480861,11.10001164,12.56853185,12.27546193,7.927736627
71,Ethyl linolenate,"79,95,306",34.398,0.394640883,0.528177041,0.512808354,0.597459872,0.513917487,0.690847499,0.388921651,0.724966829,0.756319906,0.172054233,0.259228434,0.279602259,0.257939357,0.281367643,0.282101617,0.280268767,0.252644449,0.266943931,0.267682004,0.251046861,0.16554332,0.225188949,0.183685319,0.214973404,0.226842677,0.205944087,0.192910309,0.201932109,0.206786499,0.271434807,0.371393105,0.361512996,0.337296307,0.354710866,0.363947294,0.35140286,0.337467706,0.382103741,0.373386329,0.419292335,0.383438273,0.407268698,0.390114765,0.391186429,0.326934174,0.344194389,0.389933843,0.336499123,0.398080599,0.373304081,0.25885647
72,n-Hexadecanoic acid,"60,73,256",35.444,0.094098261,0.182465985,0.388837291,0.209921108,0,0.949195871,0.446348265,0.277361364,0.447155065,0.306802896,1.196312731,1.191007348,1.137579639,1.669296851,1.398271611,1.680637813,1.482805191,1.848786915,1.21661914,1.100378425,0.100702468,0.220325061,0.322091306,0.508341076,0.424505746,0.329298512,0.060724468,0.173761378,0.126568009,0.826808112,0.461343311,0.446991053,0.463007952,0.299212265,0.271778009,0.318982141,0.285718569,0.337145207,0.362242789,0.525062525,0.358462995,0.370929402,0.358219717,0.27147973,0.170018518,0.294016777,0.393941606,0.378363064,0.360434187,0.442454158,0
